{"GENRE":"Progressive","TITLE":"L9","ARTIST":"paraoka","BPM":"123","RANK":"1","TOTAL":"400","notes":1504,"measure":52,"lgkey":{"1":{"1":[1,0.75,0.5,0.25],"2":[1,0.91666666666667,0.75,0.5,0.33333333333333,0.16666666666667],"3":[1,0.83333333333333,0.66666666666667,0.5,0.33333333333333,0.16666666666667],"4":[1,0.83333333333333,0.5],"5":[1,0.9375,0.625,0.4375,0.3125],"6":[1,0.9375,0.6875,0.625,0.3125],"7":[1,0.9375,0.625,0.375,0.3125],"8":[1,0.9375,0.625,0.5625,0.4375,0.1875],"9":[1,0.9375,0.625,0.3125],"10":[1,0.9375,0.625,0.3125],"11":[1,0.9375,0.625,0.3125],"12":[1,0.9375,0.625,0.4375],"13":[0.8125,0.625,0.4375,0.25],"14":[0.625,0.5,0.375,0.125],"15":[1,0.6875,0.5,0.25,0.010416666666667],"16":[0.82291666666667,0.63541666666667,0.44791666666667,0.25],"17":[0.75,0.5,0.375,0.125],"18":[1,0.83333333333333],"19":[0.5],"20":[0.83333333333333],"21":[0.5,0.25],"22":[1,0.75],"23":[1,0.8125,0.625,0.4375],"24":[1,0.625,0.4375,0.125],"25":[1,0.8125,0.4375,0.25,0.010416666666667],"26":[0.82291666666667,0.63541666666667,0.5625,0.44791666666667,0.25],"27":[1,0.5],"28":[1,0.83333333333333,0.33333333333333],"29":[1,0.75,0.5,0.25],"30":[0.83333333333333],"31":[1,0.8125,0.5],"32":[1,0.25,0.125],"33":[0.5,0.25],"34":[1,0.75,0.3125],"35":[1,0.875,0.8125,0.5,0.4375,0.1875,0.125,0.0625],"36":[1,0.9375,0.6875,0.625,0.375,0.3125,0.1875,0.125,0.0625],"37":[1,0.875,0.8125,0.6875,0.625,0.375,0.3125,0.1875,0.125,0.0625],"38":[1,0.9375,0.875,0.8125,0.6875,0.625,0.375,0.3125,0.0625],"39":[1,0.875,0.8125,0.6875,0.625,0.5,0.375,0.3125,0.1875,0.125,0.0625],"40":[1,0.6875,0.625,0.5625,0.5,0.375,0.3125,0.0625],"41":[1,0.875,0.8125,0.6875,0.625,0.5,0.375,0.3125,0.1875,0.125],"42":[1,0.875,0.8125,0.625,0.5,0.4375,0.3125],"43":[0.9375,0.4375,0.3125],"44":[0.75,0.625,0.5,0.3125],"45":[0.83333333333333,0.33333333333333],"46":[0.83333333333333,0.66666666666667,0.5,0.33333333333333,0.16666666666667],"47":[1,0.75,0.5,0.25],"48":[1,0.75,0.5,0.33333333333333,0.16666666666667],"49":[1,0.83333333333333,0.66666666666667,0.5,0.33333333333333,0.16666666666667],"50":[1,0.83333333333333,0.5,0.33333333333333,0.16666666666667],"51":[1,0.91666666666667,0.83333333333333,0.66666666666667,0.5,0.41666666666667,0.33333333333333,0.16666666666667],"52":[0.83333333333333,0.5]},"2":{"1":[0.83333333333333,0.671875,0.33333333333333,0.16666666666667],"2":[0.83333333333333,0.58333333333333,0.5,0.083333333333333],"3":[0.91666666666667,0.75,0.58333333333333,0.41666666666667,0.25,0.083333333333333],"4":[0.58333333333333,0.41666666666667],"5":[0.75,0.5625,0.25,0.125],"6":[0.75,0.5625,0.25,0.125],"7":[0.75,0.5625,0.25,0.125],"8":[0.75,0.3125,0.0625],"9":[0.75,0.5625,0.25,0.125],"10":[0.75,0.5625,0.25,0.125],"11":[0.75,0.5625,0.25,0.125],"12":[0.75,0.25],"13":[0.875,0.6875,0.1875],"14":[1,0.6875,0.5625,0.3125,0.1875],"15":[1,0.625,0.4375,0.1875],"16":[1,0.8125,0.625,0.4375,0.125],"17":[0.625,0.375],"18":[0.16666666666667],"19":[0.625,0.375],"20":[0.16666666666667],"21":[1,0.75,0.41666666666667],"22":[0.83333333333333,0.66666666666667,0.5,0.25,0.083333333333333],"23":[0.875,0.5,0.4375,0.25,0.125],"24":[0.8125,0.6875,0.5625,0.3125,0.1875,0.0625],"25":[0.8125,0.625,0.5,0.1875],"26":[1,0.8125,0.625,0.4375,0.125],"27":[1,0.75,0.25],"28":[0.66666666666667],"30":[1,0.5],"31":[0.75,0.625,0.4375,0.25],"32":[0.875,0.625,0.5],"33":[1,0.75,0.5625,0.3125,0.1875],"34":[0.875,0.5,0.25],"35":[0.75,0.25],"36":[0.75,0.4375,0.25],"37":[0.75,0.25],"38":[0.75,0.4375,0.25],"39":[0.75,0.25],"40":[0.75,0.5,0.4375,0.25,0.125],"41":[0.75,0.5625,0.25,0.0625],"42":[0.75,0.375,0.25,0.1875,0.0625],"43":[0.625,0.5,0.25,0.125,0.0625],"44":[0.9375,0.8125,0.375,0.25,0.125],"45":[1,0.66666666666667,0.5,0.16666666666667],"46":[1,0.75,0.375,0.20833333333333,0.041666666666667],"47":[0.83333333333333,0.33333333333333,0.16666666666667],"48":[0.58333333333333,0.083333333333333],"49":[0.91666666666667,0.75,0.58333333333333,0.41666666666667,0.25,0.083333333333333],"50":[0.58333333333333,0.41666666666667],"52":[1]},"3":{"1":[1,0.75,0.58333333333333,0.41666666666667,0.25],"2":[1,0.91666666666667,0.66666666666667,0.41666666666667,0.16666666666667],"3":[1,0.5],"4":[0.91666666666667,0.66666666666667,0.5,0.33333333333333,0.16666666666667],"5":[0.875,0.4375,0.1875,0.0625],"6":[0.875,0.4375,0.1875,0.0625],"7":[0.875,0.6875,0.4375,0.1875,0.0625],"8":[0.875,0.5625,0.375,0.1875],"9":[0.875,0.4375,0.1875,0.0625],"10":[0.875,0.4375,0.1875,0.0625],"11":[0.875,0.4375,0.1875,0.0625],"12":[0.875,0.5625,0.375,0.1875],"13":[0.9375,0.75,0.5,0.3125,0.125],"14":[0.875,0.75,0.5,0.375,0.125],"15":[0.9375,0.75,0.375],"16":[0.9375,0.734375,0.5625,0.359375,0.25],"17":[0.75,0.25],"18":[0.83333333333333,0.33333333333333],"19":[1,0.75,0.5,0.25],"20":[0.83333333333333,0.33333333333333],"21":[0.91666666666667,0.58333333333333,0.33333333333333,0.16666666666667,0.083333333333333],"22":[0.91666666666667,0.75,0.33333333333333,0.16666666666667],"23":[0.9375,0.625,0.4375,0.3125,0.1875],"24":[1,0.875,0.75,0.5,0.375,0.25,0.125],"25":[1,0.875,0.75,0.5625,0.4375,0.25,0.125],"26":[0.9375,0.734375,0.5625,0.359375,0.25],"27":[1,0.375],"28":[1,0.33333333333333],"29":[1,0.75,0.25],"30":[0.83333333333333,0.16666666666667],"31":[0.875,0.6875,0.5625,0.1875,0.0625],"32":[0.25],"33":[0.875,0.6875,0.375,0.125],"34":[0.9375,0.75,0.5625,0.375,0.20833333333333,0.125],"35":[0.875,0.625,0.375,0.125],"36":[0.875,0.625],"37":[0.875,0.625,0.375,0.125],"38":[0.875,0.625,0.1875,0.125],"40":[0.1875],"41":[0.9375,0.8125,0.5,0.125],"42":[0.9375,0.6875,0.4375,0.39583333333333,0.3125,0.125],"43":[0.875,0.6875,0.5625,0.375,0.1875],"44":[1,0.875,0.6875,0.5625,0.4375,0.1875,0.0625],"45":[0.91666666666667,0.58333333333333,0.41666666666667,0.083333333333333],"46":[0.83333333333333,0.66666666666667,0.5,0.33333333333333,0.16666666666667],"47":[0.75,0.41666666666667,0.25],"48":[0.91666666666667,0.66666666666667,0.41666666666667,0.16666666666667],"49":[1,0.75,0.5,0.16666666666667],"50":[0.91666666666667,0.66666666666667,0.5,0.33333333333333],"51":[1,0.91666666666667,0.5,0.41666666666667],"52":[0.83333333333333,0.5]},"4":{"1":[0.91666666666667,0.8125,0.66666666666667,0.5,0.33333333333333,0.083333333333333],"2":[0.91666666666667,0.75,0.5,0.25,0.083333333333333],"3":[0.83333333333333,0.33333333333333],"4":[0.75,0.25],"5":[0.875,0.75,0.5625,0.25,0.125],"6":[0.75,0.5625,0.375,0.25,0.125],"7":[0.75,0.5625,0.25,0.125],"8":[0.75,0.125,0.0625],"9":[0.75,0.5625,0.25,0.125],"10":[0.75,0.5625,0.25,0.125],"11":[0.75,0.5625,0.25,0.125],"12":[0.75,0.3125,0.125],"13":[1,0.875,0.5625,0.375,0.0625],"14":[0.9375,0.8125,0.3125,0.1875],"15":[1,0.8125,0.5625,0.1875,0.0625],"16":[0.921875,0.75,0.546875,0.375,0.16666666666667],"17":[0.875,0.625],"18":[0.5],"19":[0.875],"20":[0.5],"21":[1,0.83333333333333,0.66666666666667,0.5,0.25],"22":[1,0.83333333333333,0.66666666666667,0.58333333333333,0.41666666666667,0.25],"23":[1,0.8125,0.6875,0.5,0.25,0.125],"24":[0.9375,0.8125,0.625,0.4375,0.3125,0.1875],"25":[0.9375,0.8125,0.625,0.375,0.0625],"26":[0.921875,0.75,0.546875,0.4375,0.3125,0.171875,0.0625],"27":[0.625,0.125],"28":[0.66666666666667,0.33333333333333,0.16666666666667],"29":[1,0.625,0.375],"30":[1,0.5],"31":[1,0.8125,0.5,0.375,0.125],"32":[1,0.875,0.75,0.5,0.375],"33":[0.9375,0.75,0.625,0.4375,0.0625],"34":[0.6875,0.4375,0.16666666666667,0.083333333333333],"35":[1,0.75,0.375,0.3125],"36":[1,0.75,0.5,0.375,0.125],"37":[0.5,0.25],"38":[0.5625,0.5,0.375,0.125],"39":[0.75,0.5625,0.5,0.4375,0.25],"40":[1,0.875,0.75,0.625,0.375,0.25,0.125],"41":[1,0.875,0.6875,0.5625,0.4375,0.3125,0.1875],"42":[1,0.875,0.75,0.5625,0.5,0.41666666666667,0.375,0.25],"43":[1,0.75,0.5,0.25],"44":[0.75,0.625,0.5,0.375,0.25,0.125],"45":[1,0.83333333333333,0.66666666666667,0.5,0.33333333333333,0.16666666666667],"46":[0.91666666666667,0.58333333333333,0.375,0.041666666666667],"47":[0.91666666666667,0.83333333333333,0.66666666666667,0.5,0.33333333333333,0.083333333333333],"48":[0.75,0.5,0.25],"49":[0.83333333333333,0.5,0.33333333333333],"50":[0.75,0.41666666666667,0.25],