{"GENRE":"Euro Rave","TITLE":"Imperishable Night 2006 for D+","ARTIST":"\u7be0\u87ba\u60a0\u90a3 feat. \u9bdb\u306e\u5c0f\u9aa8 \/ air","BPM":"161","RANK":"3","TOTAL":"392","notes":2721,"measure":87,"lgkey":{"4":{"0":[0.25],"1":[0.5],"2":[0.5],"3":[0.5],"4":[0.25],"5":[0.5],"6":[0.5],"7":[0.5],"8":[0.25],"9":[0.25],"10":[0.25],"11":[0.25],"12":[0.125],"16":[0.25],"17":[1,0.28125,0.0625],"18":[0.375,0.0625],"19":[0.28125,0.0625],"20":[0.375,0.0625],"21":[0.28125],"22":[0.5,0.375,0.0625],"23":[0.28125],"24":[0.625,0.5,0.41666666666667,0.3125,0.1875,0.0625],"25":[0.75,0.5625,0.28125,0.0625],"26":[0.75,0.5625,0.4375,0.3125,0.1875,0.0625],"27":[0.9375,0.6875,0.5625,0.4375,0.28125,0.0625],"28":[0.9375,0.75,0.5625,0.4375,0.3125,0.1875,0.0625],"29":[0.9375,0.6875,0.5625,0.4375,0.28125,0.0625],"30":[0.9375,0.6875,0.3125,0.1875,0.0625],"31":[0.9375,0.6875,0.5625,0.4375,0.28125],"32":[1,0.8125,0.625,0.0625],"33":[0.875,0.625,0.375],"34":[1,0.875,0.625,0.5,0.25,0.125],"35":[0.75,0.5,0.375,0.125],"36":[0.5,0.25,0.125],"37":[0.75,0.25],"38":[1,0.875,0.625,0.5,0.25,0.125],"39":[0.875,0.625,0.375,0.125],"40":[0.875,0.6875,0.5625,0.4375,0.125],"41":[0.6875,0.4375,0.3125],"42":[0.875,0.5625,0.3125,0.125],"43":[0.625,0.4375],"44":[0.8125,0.5,0.25,0.0625],"45":[0.9375,0.6875,0.3125,0.0625],"46":[0.9375,0.6875,0.5625,0.4375,0.125,0.0625],"47":[0.9375,0.75,0.5,0.375],"48":[0.9375,0.75,0.5,0.375,0.25],"49":[1,0.625,0.5,0.375,0.25,0.125],"50":[1,0.875,0.6875,0.5625,0.4375,0.3125],"51":[1,0.8125,0.6875,0.5625,0.46875,0.34375,0.25],"52":[0.9375,0.8125,0.6875,0.5,0.4375,0.34375,0.25],"53":[0.9375,0.8125,0.6875,0.5625,0.46875,0.3125,0.1875,0.0625],"54":[0.6875,0.4375,0.25,0.15625,0.03125],"55":[0.9375,0.8125,0.625,0.5625,0.4375,0.34375,0.1875,0.0625],"56":[0.9375,0.75,0.625,0.4375,0.3125,0.1875,0.125],"57":[1,0.875,0.6875,0.53125,0.4375,0.3125,0.1875,0.0625],"58":[0.9375,0.75,0.625,0.4375,0.25,0.125],"59":[1,0.8125,0.6875,0.5,0.375,0.25,0.0625],"60":[0.9375,0.625,0.5,0.34375,0.1875,0.0625],"61":[0.9375,0.75,0.5625,0.4375,0.3125,0.1875,0.125,0.0625],"62":[0.9375,0.75,0.625,0.375,0.21875,0.09375],"63":[1,0.875,0.75,0.5,0.375,0.25],"64":[1,0.875,0.75,0.625,0.5,0.375,0.28125,0.1875,0.0625],"65":[0.9375,0.75,0.5625,0.375,0.21875,0.125,0.03125],"66":[0.875,0.6875,0.625,0.4375,0.3125,0.1875,0.09375],"67":[1,0.875,0.75,0.625,0.5,0.40625,0.25,0.125],"68":[1,0.75,0.5,0.375,0.28125,0.1875,0.0625],"69":[0.96875,0.875,0.75,0.625,0.5,0.375,0.25,0.125,0.03125],"70":[0.25],"71":[1,0.28125],"72":[0.5,0.25],"73":[0.28125],"74":[0.5,0.25],"75":[0.28125],"76":[0.5,0.25],"77":[0.28125],"78":[0.625,0.4375,0.3125,0.125],"79":[0.875,0.625,0.375,0.28125,0.125],"80":[0.875,0.625,0.375,0.125],"81":[0.875,0.625,0.375,0.28125,0.125],"82":[0.875,0.625,0.375,0.125],"83":[0.875,0.625,0.375,0.28125,0.125],"84":[0.875,0.625,0.375,0.25,0.125],"85":[1,0.75,0.4375,0.3125,0.0625],"86":[0.9375,0.75,0.5625]},"1":{"1":[1,0.8125,0.625],"2":[1,0.8125,0.625],"3":[1,0.8125,0.625],"4":[1,0.8125,0.625,0.5,0.375,0.25],"5":[1,0.8125,0.625],"6":[1,0.8125,0.625],"7":[1,0.8125,0.625],"8":[1,0.8125,0.625,0.5,0.375,0.25],"9":[1,0.75,0.5,0.25],"10":[1,0.75,0.5,0.25],"11":[1,0.75,0.5,0.25],"12":[1,0.75,0.5,0.375,0.25,0.125],"13":[0.8125,0.4375],"14":[0.8125,0.4375],"15":[0.8125,0.4375],"16":[1],"17":[1,0.75,0.5,0.25],"18":[1,0.75,0.5,0.25],"19":[1,0.75,0.5,0.25],"20":[1,0.75,0.5,0.25,0.125],"21":[1,0.75,0.5,0.25],"22":[1,0.75,0.5,0.25],"23":[1,0.75,0.5,0.25],"24":[1,0.75,0.5,0.25,0.125],"25":[1,0.75,0.5,0.25],"26":[1,0.75,0.5,0.25],"27":[1,0.75,0.5,0.25],"28":[1,0.75,0.5,0.25,0.125],"29":[1,0.75,0.5,0.25],"30":[1,0.75,0.5,0.25],"31":[1,0.75,0.375,0.25,0.125],"32":[0.9375,0.75,0.5625,0.375,0.25,0.125],"33":[1,0.75,0.5,0.25],"34":[1,0.75,0.5,0.25],"35":[1,0.75,0.5,0.25],"36":[1,0.75,0.5,0.25,0.125],"37":[1,0.75,0.5,0.25],"38":[1,0.75,0.5,0.25],"39":[1,0.75,0.5,0.375,0.25,0.125],"40":[1,0.75,0.5,0.25],"41":[1,0.75,0.5,0.25],"42":[1,0.75,0.5,0.25],"43":[1,0.75,0.5,0.25,0.125],"44":[0.875,0.625,0.375,0.125],"45":[0.875,0.625,0.375,0.125],"46":[1,0.875,0.75,0.625,0.5,0.375,0.25,0.125],"47":[1,0.75,0.5,0.3125],"48":[1,0.75,0.5,0.375,0.25],"49":[1,0.75,0.5,0.375,0.25],"50":[1,0.75,0.5,0.25],"51":[1,0.875,0.75,0.5625,0.4375,0.3125],"52":[1,0.875,0.75,0.625,0.5,0.40625,0.25],"53":[1,0.625,0.5,0.34375,0.25],"54":[1,0.5625,0.25,0.0625],"55":[1,0.875,0.75,0.625,0.5,0.375,0.25,0.125],"56":[1,0.875,0.75,0.625,0.5,0.375,0.25,0.125],"57":[1,0.8125,0.625,0.4375,0.375,0.1875,0.0625],"58":[0.875,0.75,0.625,0.4375,0.3125,0.15625],"59":[1,0.875,0.625,0.5,0.40625,0.1875,0.0625],"60":[0.9375,0.75,0.625,0.4375,0.25,0.1875],"61":[1,0.875,0.75,0.625,0.5,0.375,0.25,0.125],"62":[1,0.875,0.75,0.625,0.5,0.375,0.1875,0.125],"63":[1,0.75,0.625,0.5,0.375,0.28125,0.125,0.0625],"64":[0.9375,0.6875,0.5625,0.25,0.1875,0.0625],"65":[0.75,0.625,0.5,0.25,0.125],"66":[1,0.75,0.5,0.375,0.25,0.125],"67":[1,0.75,0.5,0.3125,0.1875,0.125],"68":[0.875,0.75,0.625,0.5,0.375,0.25,0.125],"69":[1,0.875,0.75,0.625,0.5,0.34375,0.25,0.125],"70":[1],"71":[1,0.75,0.5,0.25],"72":[1,0.75,0.5,0.25],"73":[1,0.75,0.5,0.25],"74":[1,0.75,0.5,0.25,0.125],"75":[1,0.75,0.5,0.25],"76":[1,0.75,0.5,0.25],"77":[1,0.75,0.5,0.25],"78":[1,0.75,0.5,0.25,0.125],"79":[1,0.75,0.5,0.25],"80":[1,0.75,0.5,0.25],"81":[1,0.75,0.5,0.375,0.25],"82":[1,0.75,0.5,0.25,0.125],"83":[1,0.75,0.5,0.25],"84":[1,0.75,0.5,0.25],"85":[1,0.75,0.5625,0.375,0.25,0.125],"86":[1,0.8125,0.625,0.5625]},"3":{"1":[1,0.8125,0.625],"2":[1,0.8125,0.625],"3":[1,0.8125,0.625],"4":[1,0.8125,0.625,0.4375,0.3125],"5":[1,0.8125,0.625],"6":[1,0.8125,0.625],"7":[1,0.8125,0.625],"8":[1,0.8125,0.625,0.4375,0.3125],"9":[1,0.8125,0.625,0.4375,0.3125],"10":[1,0.8125,0.625,0.4375],"11":[1,0.8125,0.625,0.4375],"12":[1,0.8125,0.625],"13":[0.9375,0.8125,0.6875,0.5625,0.4375,0.3125,0.1875,0.0625],"14":[0.9375,0.8125,0.6875,0.5625,0.4375,0.3125,0.1875,0.0625],"15":[0.9375,0.8125,0.6875,0.5625,0.4375,0.3125,0.1875,0.0625],"17":[0.875,0.625,0.375,0.125],"18":[0.875,0.625,0.375,0.125],"19":[0.875,0.625,0.375,0.125],"20":[0.875,0.625,0.375,0.125],"21":[0.875,0.625,0.375,0.125],"22":[0.875,0.625,0.375,0.125],"23":[0.875,0.625,0.375,0.125],"24":[0.875,0.625,0.45833333333333,0.375,0.25,0.125],"25":[1,0.875,0.625,0.375,0.25,0.125],"26":[0.875,0.625,0.375,0.25,0.125],"27":[0.875,0.625,0.375,0.25,0.125],"28":[0.875,0.625,0.375,0.25,0.0625],"29":[0.875,0.75,0.5625,0.375,0.25,0.125],"30":[0.875,0.75,0.625,0.4375,0.25],"31":[0.9375,0.8125,0.6875,0.5625,0.4375,0.3125,0.1875,0.0625],"32":[0.875,0.6875,0.25],"33":[0.9375,0.6875,0.5625,0.4375,0.25],"34":[0.3125],"35":[1,0.875,0.625,0.0625],"36":[0.875,0.6875,0.4375,0.1875],"37":[1,0.875,0.625,0.5,0.375,0.125],"38":[0.6875,0.4375,0.1875],"39":[0.9375,0.6875,0.5625,0.4375,0.25,0.0625],"40":[0.625,0.375,0.125],"41":[1,0.75,0.5,0.125],"42":[0.9375,0.75,0.625,0.1875],"43":[1,0.5],"44":[1,0.625],"45":[1,0.625,0.5,0.25],"46":[1,0.875,0.75,0.625,0.5,0.375,0.25,0.125],"47":[1,0.875,0.6875,0.5625,0.46875,0.375,0.25],"48":[1,0.625,0.4375,0.3125],"49":[0.9375,0.6875,0.5625,0.4375,0.1875],"50":[0.9375,0.6875,0.5625,0.375,0.25],"51":[0.875,0.625,0.5,0.375,0.25],"52":[0.875,0.75,0.625,0.46875,0.3125,0.25],"53":[1,0.875,0.75,0.625,0.5,0.40625,0.25,0.125],"54":[0.9375,0.5,0.375,0.21875,0.125,0.0625],"55":[0.875,0.75,0.625,0.5,0.375,0.25,0.125],"56":[1,0.875,0.6875,0.5,0.375,0.25,0.0625],"57":[0.9375,0.75,0.625,0.5,0.375,0.25,0.125],"58":[1,0.875,0.6875,0.5625,0.375,0.21875,0.09375],"59":[0.875,0.75,0.625,0.53125,0.46875,0.34375,0.1875],"60":[1,0.875,0.625,0.4375,0.3125,0.25,0.15625,0.0625],"61":[0.875,0.6875,0.375,0.25,0.09375],"62":[0.875,0.6875,0.5625,0.4375,0.3125,0.1875,0.0625],"63":[0.9375,0.6875,0.5625,0.4375,0.34375,0.25,0.125],"64":[1,0.875,0.75,0.625,0.5,0.375,0.25,0.15625],"65":[1,0.875,0.75,0.625,0.5,0.375,0.25,0.125],"66":[1,0.875,0.75,0.625,0.5,0.3125,0.25,0.125],"67":[1,0.875,0.625,0.4375,0.375,0.25,0.125],"68":[1,0.75,0.625,0.4375,0.3125,0.25,0.125],"69":[1,0.84375,0.75,0.59375,0.5,0.375,0.1875,0.0625],"71":[0.25,0.0625],