{"GENRE":"eurobeat","TITLE":"L.D.2013 [2005 Grotesque]","ARTIST":"Andy Lee arranged by silcostones (\u5c0f\u8c46\u8077\u4eba)","BPM":"160","RANK":"3","TOTAL":null,"notes":1732,"measure":76,"measure_length":null,"lgkey":{"6":{"5":[0.75,0.25],"6":[0.75,0.25],"7":[1,0.75,0.5,0.375,0.125],"9":[0.5,0.25],"10":[0.5,0.375,0.25],"11":[0.375],"12":[0.4375,0.375,0.3125,0.25],"13":[0.5,0.25],"14":[0.5,0.375,0.25],"15":[0.375],"17":[1],"18":[0.875,0.625],"19":[0.9375,0.5625],"20":[0.875,0.625],"21":[0.75,0.6875],"22":[0.875,0.625],"23":[1,0.75,0.5],"24":[0.875,0.625],"25":[0.75,0.25],"26":[0.75,0.25],"27":[0.75,0.25],"28":[0.75,0.25],"29":[0.75,0.25],"30":[0.75,0.25],"31":[0.75,0.5,0.25],"32":[1],"33":[0.75,0.5625,0.25,0.15625,0.0625],"34":[0.65625,0.625,0.25,0.0625],"35":[0.65625,0.625,0.21875,0.0625],"36":[0.75,0.625,0.59375,0.5625,0.25,0.15625,0.0625],"37":[0.75,0.5625,0.25,0.15625,0.0625],"38":[0.65625,0.625,0.25,0.0625],"39":[0.65625,0.625,0.21875,0.0625],"40":[0.75,0.625,0.59375,0.5625,0.25,0.15625,0.0625],"41":[0.75,0.25],"42":[0.75,0.5,0.25],"43":[0.75,0.25],"44":[0.75,0.5,0.25],"45":[1],"46":[0.875,0.625],"47":[0.9375,0.5625],"48":[0.875,0.625],"49":[0.75,0.6875],"51":[1,0.75,0.5],"52":[0.875,0.8125,0.75,0.6875,0.625],"53":[0.75,0.25],"54":[0.75,0.25],"55":[0.75,0.25],"56":[0.75,0.25],"57":[0.75,0.25],"58":[0.75,0.25],"59":[0.75,0.25],"60":[1],"61":[0.75,0.5625,0.25,0.15625,0.0625],"62":[0.65625,0.625,0.25,0.0625],"63":[0.65625,0.625,0.21875,0.0625],"64":[0.75,0.625,0.59375,0.5625,0.25,0.15625,0.0625],"65":[0.75,0.5625,0.25,0.15625,0.0625],"66":[0.65625,0.625,0.25,0.0625],"67":[0.65625,0.625,0.21875,0.0625],"68":[0.75,0.625,0.59375,0.5625,0.25,0.15625,0.0625],"69":[0.5,0.25],"70":[0.5,0.375,0.25],"71":[0.375],"72":[0.4375,0.375,0.3125,0.25],"73":[0.5,0.25],"74":[0.5,0.375,0.25],"75":[0.375]},"1":{"9":[1,0.9375,0.875,0.8125,0.75],"10":[0.875,0.8125,0.75],"11":[1,0.9375,0.875,0.8125,0.75],"12":[0.875,0.8125],"13":[1,0.9375,0.875,0.8125,0.75],"14":[0.875,0.8125,0.75],"15":[1,0.9375,0.875,0.8125,0.75],"16":[1,0.9375,0.8125,0.6875,0.5625,0.5],"17":[1,0.9375,0.875,0.8125,0.75,0.6875,0.625,0.5625],"18":[0.8125,0.75,0.6875],"19":[0.875,0.8125,0.75,0.6875,0.625],"20":[0.8125,0.75,0.6875],"21":[0.625,0.5625],"22":[0.8125,0.75,0.6875],"23":[1,0.9375,0.875,0.8125,0.75,0.6875,0.625,0.5625,0.5],"24":[0.8125,0.75,0.6875],"33":[1,0.96875,0.9375,0.90625,0.875,0.84375,0.8125,0.375,0.34375,0.3125],"34":[1,0.96875,0.9375,0.90625,0.875,0.84375,0.8125,0.4375,0.40625,0.375,0.34375],"35":[1,0.96875,0.9375,0.90625,0.875,0.84375,0.46875,0.375,0.34375],"36":[1,0.84375,0.46875,0.4375,0.40625,0.375,0.34375],"37":[1,0.96875,0.9375,0.90625,0.875,0.84375,0.8125,0.375,0.34375,0.3125],"38":[1,0.96875,0.9375,0.90625,0.875,0.84375,0.8125,0.4375,0.40625,0.375,0.34375],"39":[1,0.96875,0.9375,0.90625,0.875,0.84375,0.46875,0.375,0.34375],"40":[1,0.84375,0.46875,0.4375,0.40625,0.375,0.34375],"45":[1,0.9375,0.875,0.8125,0.75,0.6875,0.625,0.5625],"46":[0.8125,0.75,0.6875],"47":[0.875,0.8125,0.75,0.6875,0.625],"48":[0.8125,0.75,0.6875],"49":[0.625,0.5625],"51":[1,0.9375,0.875,0.8125,0.75,0.6875,0.625,0.5625,0.5],"52":[0.8125,0.75,0.6875],"61":[1,0.96875,0.9375,0.90625,0.875,0.84375,0.8125,0.375,0.34375,0.3125],"62":[1,0.96875,0.9375,0.90625,0.875,0.84375,0.8125,0.4375,0.40625,0.375,0.34375],"63":[1,0.96875,0.9375,0.90625,0.875,0.84375,0.46875,0.375,0.34375],"64":[1,0.84375,0.46875,0.4375,0.40625,0.375,0.34375],"65":[1,0.96875,0.9375,0.90625,0.875,0.84375,0.8125,0.375,0.34375,0.3125],"66":[1,0.96875,0.9375,0.90625,0.875,0.84375,0.8125,0.4375,0.40625,0.375,0.34375],"67":[1,0.96875,0.9375,0.90625,0.875,0.84375,0.46875,0.375,0.34375],"68":[1,0.84375,0.46875,0.4375,0.40625,0.375,0.34375],"69":[1,0.9375,0.875,0.8125,0.75],"70":[0.875,0.8125,0.75],"71":[1,0.9375,0.875,0.8125,0.75],"72":[0.875,0.8125],"73":[1,0.9375,0.875,0.8125,0.75],"74":[0.875,0.8125,0.75],"75":[1,0.9375,0.875,0.8125,0.75],"76":[1,0.9375,0.8125,0.6875,0.5625,0.5]},"2":{"9":[1],"10":[0.9375],"11":[1],"12":[0.9375,0.875,0.8125,0.75],"13":[1],"14":[0.9375],"15":[1],"17":[1],"18":[0.875,0.625],"19":[0.9375,0.5625],"20":[0.875,0.625],"21":[0.75,0.6875],"22":[0.875,0.625],"23":[1,0.75,0.5],"24":[0.875,0.625],"33":[1,0.4375,0.40625],"34":[1,0.46875,0.3125],"35":[0.90625,0.8125,0.5,0.40625,0.3125],"36":[1,0.96875,0.8125,0.5,0.46875,0.4375,0.3125],"37":[1,0.4375,0.40625],"38":[1,0.46875,0.3125],"39":[0.90625,0.8125,0.5,0.40625,0.3125],"40":[1,0.96875,0.8125,0.5,0.46875,0.4375,0.3125],"45":[1],"46":[0.875,0.625],"47":[0.9375,0.5625],"48":[0.875,0.625],"49":[0.75,0.6875],"51":[1,0.75,0.5],"52":[0.875,0.8125,0.75,0.6875,0.625],"61":[1,0.4375,0.40625],"62":[1,0.46875,0.3125],"63":[0.90625,0.8125,0.5,0.40625,0.3125],"64":[1,0.96875,0.8125,0.5,0.46875,0.4375,0.3125],"65":[1,0.4375,0.40625],"66":[1,0.46875,0.3125],"67":[0.90625,0.8125,0.5,0.40625,0.3125],"68":[1,0.96875,0.8125,0.5,0.46875,0.4375,0.3125],"69":[1],"70":[0.9375],"71":[1],"72":[0.9375,0.875,0.8125,0.75],"73":[1],"74":[0.9375],"75":[1]},"3":{"9":[1,0.4375,0.375,0.3125],"10":[1,0.5,0.4375,0.375,0.3125,0.25],"11":[1,0.3125,0.25],"12":[1,0.9375,0.875,0.8125,0.375,0.3125],"13":[1,0.4375,0.375,0.3125],"14":[1,0.5,0.4375,0.375,0.3125,0.25],"15":[1,0.3125,0.25],"16":[1,0.9375,0.8125,0.6875,0.5625,0.5],"17":[1],"18":[0.9375,0.5625],"19":[1,0.5],"20":[0.9375,0.5625],"21":[0.875,0.8125],"22":[0.9375,0.5625],"23":[1,0.75,0.5],"24":[0.9375,0.5625],"33":[1,0.71875,0.6875,0.65625,0.625,0.59375,0.5,0.46875,0.25,0.21875,0.1875,0.15625,0.125,0.09375,0.0625],"34":[1,0.59375,0.5625,0.5,0.34375,0.25,0.21875,0.1875,0.15625,0.125,0.09375,0.0625],"35":[0.90625,0.8125,0.59375,0.5625,0.5,0.40625,0.3125,0.1875,0.15625,0.125,0.09375],"36":[1,0.9375,0.8125,0.71875,0.6875,0.65625,0.625,0.59375,0.5,0.40625,0.3125,0.21875,0.15625,0.125,0.09375,0.0625],"37":[1,0.71875,0.6875,0.65625,0.625,0.59375,0.5,0.46875,0.25,0.21875,0.1875,0.15625,0.125,0.09375,0.0625],"38":[1,0.59375,0.5625,0.5,0.34375,0.25,0.21875,0.1875,0.15625,0.125,0.09375,0.0625],"39":[0.90625,0.8125,0.59375,0.5625,0.5,0.40625,0.3125,0.1875,0.15625,0.125,0.09375],"40":[1,0.9375,0.8125,0.71875,0.6875,0.65625,0.625,0.59375,0.5,0.40625,0.3125,0.21875,0.15625,0.125,0.09375,0.0625],"45":[1],"46":[0.9375,0.5625],"47":[1,0.5],"48":[0.9375,0.5625],"49":[0.875,0.8125],"51":[1,0.75,0.5],"52":[0.9375,0.875,0.8125,0.75,0.6875,0.625,0.5625],"61":[1,0.71875,0.6875,0.65625,0.625,0.59375,0.5,0.46875,0.25,0.21875,0.1875,0.15625,0.125,0.09375,0.0625],"62":[1,0.59375,0.5625,0.5,0.34375,0.25,0.21875,0.1875,0.15625,0.125,0.09375,0.0625],"63":[0.90625,0.8125,0.59375,0.5625,0.5,0.40625,0.3125,0.1875,0.15625,0.125,0.09375],"64":[1,0.9375,0.8125,0.71875,0.6875,0.65625,0.625,0.59375,0.5,0.40625,0.3125,0.21875,0.15625,0.125,0.09375,0.0625],"65":[1,0.71875,0.6875,0.65625,0.625,0.59375,0.5,0.46875,0.25,0.21875,0.1875,0.15625,0.125,0.09375,0.0625],"66":[1,0.59375,0.5625,0.5,0.34375,0.25,0.21875,0.1875,0.15625,0.125,0.09375,0.0625],"67":[0.90625,0.8125,0.59375,0.5625,0.5,0.40625,0.3125,0.1875,0.15625,0.125,0.09375],"68":[1,0.9375,0.8125,0.71875,0.6875,0.65625,0.625,0.59375,0.5,0.40625,0.3125,0.21875,0.15625,0.125,0.09375,0.0625],"69":[1,0.4375,0.375,0.3125],"70":[1,0.5,0.4375,0.375,0.3125,0.25],"71":[1,0.3125,0.25],"72":[1,0.9375,0.875,0.8125,0.375,0.3125],"73":[1,0.4375,0.375,0.3125],"74":[1,0.5,0.4375,0.375,0.3125,0.25],"75":[1,0.3125,0.25],"76":[1,0.9375,0.8125,0.6875,0.5625,0.5]},"4":{"9":[1,0.5,0.25],"10":[0.9375,0.5,0.375,0.25],"11":[1,0.375],"12":[0.9375,0.875,0.8125,0.75,0.4375,0.375,0.3125,0.25],"13":[1,0.5,0.25],"14":[0.9375,0.5,0.375,0.25],"15":[1,0.375],"17":[1],"18":[1,0.625],"19":[1,0.5],"20":[1,0.625],"21":[1,0.9375],"22":[1,0.625],"23":[1,0.75,0.5],"24":[1,0.625],"33":[1,0.75,0.5625,0.4375,0.40625,0.25,0.15625,0.0625],"34":[1,0.65625,0.625,0.46875,0.3125,0.25,0.0625],"35":[0.90625,0.8125,0.65625,0.625,0.5,0.40625,0.3125,0.21875,0.0625],"36":[1,0.90625,0.8125,0.75,0.71875,0.6875,0.5625,0.5,0.375,0.34375,0.3125,0.25,0.15625,0.0625],