{"GENRE":"SCOUSE HOUSE","TITLE":"HE is an Energizer(7keys sarather)","ARTIST":"Mr.ABC","BPM":"148","RANK":"2","TOTAL":"270","notes":1348,"measure":81,"lgkey":{"5":{"1":[1,0.75,0.5,0.25],"2":[1,0.75,0.5,0.25],"6":[0.5,0.375],"9":[1,0.75,0.375],"10":[0.75,0.375],"13":[0.75,0.375],"14":[0.75,0.375],"15":[0.55208333333333,0.4375,0.25],"17":[0.55208333333333,0.42708333333333,0.125],"18":[0.55208333333333,0.42708333333333,0.125],"21":[0.55208333333333,0.42708333333333,0.125],"22":[0.55208333333333,0.42708333333333,0.125],"25":[1,0.55208333333333,0.42708333333333],"26":[0.55208333333333,0.42708333333333],"27":[1,0.75,0.125],"28":[0.625],"29":[0.75,0.25],"30":[0.625,0.375],"32":[0.55208333333333,0.30208333333333,0.125],"33":[1,0.625],"34":[0.625],"35":[0.625],"36":[0.625,0.25],"37":[0.625],"38":[0.625,0.5],"39":[0.625,0.5],"40":[0.5,0.25],"41":[0.875,0.75,0.5625,0.25],"42":[1,0.875,0.75,0.5625],"43":[0.875,0.625,0.375,0.125],"44":[0.625,0.3125,0.125],"45":[1,0.6875,0.4375,0.25],"46":[1,0.6875,0.3125,0.125],"47":[0.9375,0.5,0.375,0.25],"48":[1,0.75,0.5],"49":[1],"64":[0.5],"65":[0.125],"66":[0.92708333333333,0.75],"67":[0.75],"68":[0.92708333333333,0.75],"69":[0.75,0.5],"70":[1,0.625,0.375,0.125],"71":[1,0.75,0.625,0.25],"72":[0.75,0.625,0.125],"73":[0.875,0.625,0.375],"74":[0.875,0.625,0.375],"75":[0.875,0.625,0.375,0.052083333333333],"77":[0.92708333333333,0.80208333333333,0.67708333333333,0.55208333333333,0.42708333333333,0.30208333333333],"78":[0.92708333333333,0.80208333333333,0.67708333333333,0.55208333333333,0.42708333333333,0.30208333333333,0.17708333333333],"79":[1,0.75,0.5,0.25,0.052083333333333],"80":[0.875,0.625,0.5]},"0":{"1":[1],"9":[1,0.875,0.75,0.625,0.5,0.375,0.25,0.125],"10":[1,0.875,0.75,0.625,0.5,0.375,0.25,0.125],"11":[0.875,0.75,0.375,0.25],"12":[0.875,0.75,0.375,0.25],"13":[1,0.875,0.75,0.625,0.5,0.375,0.25,0.125,0.0625],"14":[1,0.875,0.75,0.625,0.5,0.4375,0.375,0.25,0.125,0.0625],"15":[0.9375],"17":[1],"19":[0.875,0.75,0.625,0.375,0.25,0.125],"20":[1,0.875,0.75,0.625,0.5,0.375],"21":[1],"23":[0.875,0.75,0.625,0.375,0.25,0.125],"24":[1,0.875,0.75,0.625,0.5,0.375],"25":[1],"26":[0.25],"27":[0.875,0.75,0.625,0.375,0.25,0.125],"28":[1,0.875,0.75,0.625,0.5,0.375],"29":[1],"30":[0.25],"31":[0.875,0.75,0.375,0.25],"32":[1,0.875,0.75,0.625,0.5,0.375],"33":[1,0.25],"34":[1,0.25],"35":[1,0.25],"36":[1],"37":[1,0.25],"38":[1,0.25],"39":[1,0.25],"40":[1,0.375],"41":[1],"42":[0.25],"43":[1],"44":[0.25],"45":[1,0.25],"46":[1,0.25],"47":[1,0.75,0.5,0.25],"48":[1,0.875],"49":[1],"57":[1],"61":[1,0.875,0.75,0.625,0.5,0.375,0.25,0.125],"62":[1,0.875,0.75,0.625,0.5,0.375,0.25,0.125],"63":[1,0.875,0.75,0.625,0.5,0.375,0.25,0.125],"64":[1,0.9375,0.875,0.80208333333333,0.75,0.67708333333333,0.625,0.55208333333333,0.5,0.42708333333333,0.375,0.30208333333333,0.25,0.17708333333333,0.125,0.052083333333333],"65":[1,0.875,0.75,0.67708333333333,0.55208333333333,0.5,0.375,0.25,0.125],"66":[1,0.875,0.75,0.67708333333333,0.55208333333333,0.5,0.42708333333333,0.375,0.25,0.125],"67":[1,0.875,0.75,0.625,0.5,0.375,0.25,0.125],"68":[1,0.875,0.75,0.625,0.5,0.375,0.25,0.125],"69":[1,0.875,0.75,0.67708333333333,0.55208333333333,0.5,0.375,0.25,0.125],"70":[1,0.875,0.75,0.67708333333333,0.55208333333333,0.5,0.42708333333333,0.375,0.25,0.125],"71":[1,0.875,0.75,0.625,0.5,0.375,0.25,0.125],"72":[1,0.875,0.75,0.625,0.5,0.375],"73":[1,0.875,0.75,0.67708333333333,0.55208333333333,0.5,0.375,0.25,0.125],"74":[1,0.875,0.75,0.67708333333333,0.55208333333333,0.5,0.42708333333333,0.375,0.25,0.125],"75":[1,0.875,0.75,0.625,0.5,0.375,0.25,0.125],"77":[1,0.9375,0.875,0.75,0.67708333333333,0.55208333333333,0.5,0.4375,0.375,0.25,0.125],"78":[1,0.9375,0.875,0.75,0.67708333333333,0.55208333333333,0.5,0.42708333333333,0.375,0.25,0.125],"79":[1,0.9375,0.875,0.75,0.625,0.5,0.4375,0.375,0.25,0.125],"80":[1,0.9375,0.875,0.8125,0.75,0.6875,0.625,0.5625,0.5,0.4375,0.375,0.3125,0.25,0.1875,0.125,0.0625],"81":[1]},"6":{"3":[0.75,0.25],"4":[0.75,0.25],"7":[0.75,0.25],"8":[0.75,0.25],"10":[1],"11":[1],"13":[1,0.5625,0.42708333333333],"14":[0.875],"15":[1,0.375],"17":[0.75],"18":[0.75],"21":[0.75],"22":[0.75],"24":[0.0625],"25":[0.75],"26":[0.75],"28":[1,0.75],"29":[1,0.55208333333333,0.42708333333333,0.125],"30":[1,0.75,0.42708333333333],"32":[0.17708333333333],"33":[0.5],"34":[0.5],"35":[0.5],"36":[0.5],"37":[0.875,0.5],"38":[0.875],"39":[0.875],"41":[0.75,0.5,0.375,0.25],"42":[0.75,0.5,0.3125],"43":[0.75,0.5,0.25],"44":[0.75,0.5],"45":[0.875,0.75,0.625,0.375,0.125],"46":[0.875,0.75,0.375],"47":[1,0.75,0.4375,0.125],"48":[0.75],"57":[0.75,0.25],"58":[0.75,0.25],"59":[0.75,0.25],"60":[0.75,0.25],"64":[1],"65":[0.75],"66":[0.625],"67":[1],"68":[0.625],"69":[1,0.67708333333333,0.375,0.125],"70":[0.875,0.67708333333333,0.25],"71":[0.875,0.5,0.30208333333333,0.17708333333333],"72":[0.875,0.052083333333333],"73":[0.92708333333333,0.80208333333333,0.67708333333333,0.55208333333333,0.42708333333333,0.30208333333333,0.17708333333333],"74":[0.92708333333333,0.80208333333333,0.67708333333333,0.55208333333333,0.42708333333333,0.30208333333333,0.17708333333333],"75":[0.92708333333333,0.80208333333333,0.67708333333333,0.55208333333333,0.42708333333333,0.30208333333333,0.17708333333333],"77":[0.875,0.625,0.375,0.17708333333333],"78":[0.875,0.625,0.375,0.125],"80":[0.92708333333333,0.80208333333333,0.67708333333333,0.55208333333333,0.42708333333333,0.30208333333333]},"7":{"3":[0.875,0.375],"4":[0.875,0.375],"7":[0.875,0.375],"8":[0.875,0.375],"9":[1,0.875,0.625,0.375,0.125],"10":[0.875,0.625,0.375,0.125],"13":[0.875,0.625,0.375,0.125],"14":[0.875,0.625,0.375,0.125],"15":[0.875,0.625,0.375,0.125],"17":[0.92708333333333],"18":[0.92708333333333],"21":[0.92708333333333],"22":[0.92708333333333],"25":[0.92708333333333],"26":[0.92708333333333],"29":[0.92708333333333,0.75,0.25],"30":[0.92708333333333,0.5],"32":[0.052083333333333],"33":[0.75,0.5],"34":[1,0.75,0.5],"35":[1,0.75,0.5],"36":[1,0.75,0.5,0.125],"37":[1,0.75,0.5],"38":[1,0.75,0.5],"39":[1,0.75,0.5],"40":[1,0.75,0.5,0.125],"41":[1,0.625,0.4375,0.125],"42":[1,0.625,0.25],"43":[1,0.75,0.3125,0.125],"44":[1,0.875,0.625,0.375],"45":[1,0.75,0.5,0.25],"46":[1,0.75,0.5,0.25],"47":[1,0.875,0.625,0.5,0.375],"48":[1,0.5],"53":[0.75,0.25],"54":[0.75,0.25],"55":[0.75,0.25],"56":[0.75,0.4375,0.25],"57":[0.875,0.375],"58":[0.875,0.375],"59":[0.875,0.375],"60":[0.875,0.375],"64":[0.25],"65":[1],"69":[0.55208333333333,0.25],"70":[0.75,0.55208333333333,0.17708333333333],"71":[0.75],"72":[0.75,0.5,0.30208333333333],"74":[0.125],"77":[0.052083333333333],"80":[1,0.75]},"2":{"5":[0.875,0.625,0.375,0.125],"6":[0.875,0.625,0.125],"9":[0.125],"10":[0.125],"13":[0.125],"14":[0.125],"16":[0.55208333333333,0.42708333333333,0.25],"20":[0.125],"21":[0.875,0.625,0.375,0.125],"22":[0.875,0.625,0.375,0.125],"23":[0.875,0.625,0.375,0.125],"24":[0.875,0.25,0.16666666666667],"25":[0.875,0.625,0.375,0.125],"26":[0.875,0.625],"27":[0.875,0.625,0.375,0.125],"28":[0.875,0.625,0.375,0.125],"29":[0.875,0.625,0.375,0.125],"30":[0.875,0.625,0.375],"32":[0.75,0.5],"33":[0.875,0.625,0.375],"34":[0.875,0.625,0.375],"35":[0.875,0.625,0.375],"36":[0.875,0.625,0.375],"37":[0.875,0.625,0.375],"38":[1,0.875,0.625,0.375],"39":[1,0.875,0.625,0.375],"40":[1,0.875,0.625,0.083333333333333,0.041666666666667],"41":[0.875,0.375,0.125],"42":[0.875,0.375],"43":[0.875,0.5625,0.375,0.125],"44":[0.875,0.5625,0.375],"45":[0.875,0.375,0.125],"46":[0.875,0.625,0.375,0.125],"47":[0.625,0.125],"48":[0.25],"55":[1],"61":[0.875,0.625,0.375,0.125],"62":[0.875,0.625,0.375,0.125],"64":[0.75],"65":[0.875,0.625,0.375,0.125],"66":[0.875,0.625,0.375,0.125],"67":[0.875,0.625,0.375,0.125],"68":[0.875,0.625,0.375],"70":[0.5,0.30208333333333,0.17708333333333],"71":[0.55208333333333,0.125],"72":[1,0.55208333333333,0.25],"73":[1,0.75,0.5,0.25],"74":[1,0.75,0.5,0.25],"75":[1,0.75,0.5,0.25],"76":[0.875,0.625,0.375,0.125],"79":[0.875,0.625,0.375,0.125],"80":[0.75,0.625,0.25]},"4":{"5":[1,0.75,0.5,0.25],"6":[1,0.75,0.25],"7":[0.625,0.125],