{"GENRE":"Maiden House","TITLE":"elegante [Normal]","ARTIST":"\u9ad8\u5dba\u3000\u611b\u82b1","BPM":"133","RANK":"3","TOTAL":"380","notes":700,"measure":65,"measure_length":null,"lgkey":{"2":{"1":[0.125],"3":[0.125],"5":[0.25],"6":[0.25],"7":[0.25],"9":[0.875,0.375],"10":[1],"11":[0.875,0.25],"12":[0.25],"13":[0.875,0.375],"14":[1],"15":[0.875,0.375,0.125],"17":[1,0.625],"18":[0.125],"22":[0.375,0.125],"23":[0.25],"28":[0.375],"32":[0.125],"35":[0.4375,0.3125],"39":[0.4375,0.3125],"41":[0.375],"43":[0.1875],"45":[0.375],"47":[0.1875],"49":[0.6875],"50":[0.3125],"51":[0.4375],"52":[0.3125],"53":[0.6875],"54":[0.3125],"55":[0.4375],"61":[0.6875],"62":[0.3125],"63":[0.4375],"64":[0.125]},"4":{"1":[1,0.25,0.125],"3":[1,0.125],"5":[1],"6":[0.75,0.25],"7":[1,0.375],"9":[1,0.75,0.25],"11":[1,0.75,0.375,0.125],"12":[0.25],"13":[1,0.75,0.25],"15":[1,0.75,0.25],"17":[1,0.75],"18":[0.125],"19":[0.625],"22":[0.125],"23":[0.234375],"25":[1],"26":[0.125],"28":[0.25],"30":[0.125],"32":[0.3125],"33":[0.4375,0.3125],"34":[0.4375,0.3125,0.1875],"35":[1,0.875,0.6875,0.5625],"36":[0.25],"37":[0.4375,0.3125],"38":[0.4375,0.3125,0.1875],"39":[1,0.875,0.6875,0.5625],"40":[0.25],"41":[0.25],"43":[0.125],"44":[0.3125],"45":[0.25],"47":[0.125],"49":[1],"50":[0.4375],"51":[0.5,0.3125,0.1875],"52":[0.4375],"53":[1],"54":[0.4375],"55":[0.5,0.3125,0.1875],"58":[0.5625,0.4375,0.25],"61":[1],"62":[0.4375],"63":[0.5,0.3125,0.1875],"64":[0.3125]},"5":{"1":[0.75],"2":[0.125],"3":[0.625,0.25],"4":[0.75],"5":[0.75,0.125],"6":[0.5],"7":[0.625,0.109375],"10":[0.625],"12":[0.625],"14":[0.875,0.625],"16":[1],"18":[0.375,0.25],"20":[0.125],"21":[1],"23":[0.625],"25":[0.75],"26":[0.375],"27":[0.625],"29":[1],"30":[0.25],"33":[0.0625],"35":[0.0625],"36":[0.4375],"37":[0.0625],"39":[0.0625],"40":[0.4375],"41":[0.0625],"42":[0.1875],"44":[0.5,0.1875],"45":[0.0625],"46":[0.1875],"48":[1,0.6875],"49":[0.4375,0.1875],"50":[0.875,0.1875],"51":[0.875],"52":[1,0.8125,0.0625],"53":[0.4375,0.1875],"54":[0.875,0.1875],"55":[0.875],"57":[0.5625,0.4375,0.25],"58":[0.875,0.6875],"59":[0.5625,0.4375,0.25],"60":[0.8125,0.5625,0.1875,0.0625],"61":[0.4375,0.1875],"62":[0.875,0.1875],"63":[0.875]},"0":{"1":[1],"9":[1],"17":[1],"25":[1],"33":[1],"41":[1],"49":[1],"56":[1],"57":[1],"60":[1],"61":[1],"64":[1],"65":[1]},"6":{"1":[0.984375,0.375,0.109375],"3":[0.984375,0.109375],"5":[0.984375,0.375],"6":[0.75],"7":[0.984375],"9":[0.984375,0.5,0.125],"10":[0.875],"11":[0.984375,0.5],"12":[0.875,0.375],"13":[0.984375,0.5,0.125],"15":[0.984375,0.5],"17":[0.734375],"22":[0.25],"26":[0.25],"28":[0.125],"31":[1],"32":[0.25],"33":[1,0.875,0.6875,0.5625],"34":[1,0.875,0.6875,0.5625,0.125],"36":[1,0.625],"37":[1,0.875,0.6875,0.5625],"38":[1,0.875,0.6875,0.5625,0.125],"40":[1,0.625],"41":[0.1875],"43":[0.0625],"44":[0.375],"45":[0.1875],"47":[0.0625],"49":[0.875],"50":[0.5],"51":[0.125],"52":[0.5625],"53":[0.875],"54":[0.5],"55":[0.125],"57":[0.875,0.6875],"59":[0.875,0.6875],"61":[0.875],"62":[0.5],"63":[0.125],"64":[0.25]},"7":{"1":[0.625],"3":[0.375],"5":[0.625,0.109375],"7":[0.75],"12":[0.625],"14":[0.859375],"16":[0.984375],"18":[0.359375],"21":[0.984375],"25":[0.734375],"26":[0.359375],"29":[0.984375],"36":[0.8125],"40":[0.8125],"41":[0.125],"42":[0.125],"44":[0.625],"45":[0.125],"46":[0.125],"48":[0.5625],"49":[0.5],"50":[0.6875],"52":[0.875,0.6875],"53":[0.5],"54":[0.6875],"61":[0.5],"62":[0.6875]},"1":{"2":[0.375],"4":[0.875],"6":[0.875],"7":[0.125],"10":[0.5,0.25],"14":[0.5,0.25],"19":[1],"20":[0.375],"21":[1],"23":[0.875,0.375],"25":[1,0.75,0.5,0.25],"26":[1,0.75,0.5,0.25],"27":[1,0.75,0.5,0.25],"28":[1,0.75,0.5,0.25],"29":[1,0.75,0.5,0.25],"30":[1,0.75,0.5,0.25],"31":[1,0.75,0.5,0.25],"32":[1,0.75,0.5,0.25],"33":[0.1875],"35":[0.1875],"37":[0.1875],"39":[0.1875],"41":[1,0.75,0.5,0.25],"42":[1,0.75,0.5,0.25],"43":[1,0.75,0.5,0.25],"44":[1,0.75,0.5,0.25,0.125],"45":[1,0.75,0.5,0.25],"46":[1,0.75,0.5,0.25],"47":[1,0.875,0.6875,0.5625,0.4375,0.3125,0.125],"48":[1,0.8125,0.6875,0.5625,0.3125,0.125],"49":[0.125],"50":[0.0625],"51":[0.6875],"52":[0.1875],"53":[0.125],"54":[0.0625],"55":[0.6875],"56":[1,0.3125,0.125],"57":[1,0.75,0.5,0.25],"58":[1,0.75,0.5,0.25],"59":[1,0.75,0.5,0.25],"61":[0.125],"62":[0.0625],"63":[0.6875],"64":[1],"65":[1]},"3":{"2":[0.25],"3":[0.75],"4":[0.625],"5":[0.125],"6":[0.5],"7":[0.125],"10":[0.375],"14":[0.375],"16":[1],"19":[1],"20":[0.25],"23":[1],"25":[0.625],"27":[1],"30":[0.375],"33":[0.125],"35":[0.125],"36":[0.125],"37":[0.125],"39":[0.125],"40":[0.125],"42":[0.0625],"44":[0.0625],"46":[0.0625],"47":[0.25],"48":[0.8125,0.25],"49":[0.3125],"50":[1,0.125],"51":[1],"52":[0.125],"53":[0.3125],"54":[1,0.125],"55":[1],"56":[0.25],"60":[0.875,0.6875,0.4375,0.125],"61":[0.3125],"62":[1,0.125],"63":[1]}},"lnkey":[null,null,null,null,null,null,null,null],"difficulty":null}