{"filter":false,"title":"eda30df9fd5410e25dce7ae76c5a594d.json","tooltip":"/json/eda30df9fd5410e25dce7ae76c5a594d.json","undoManager":{"mark":0,"position":0,"stack":[[{"group":"doc","deltas":[{"start":{"row":0,"column":161},"end":{"row":0,"column":3308},"action":"insert","lines":["measure_length\":{\"0\":1.25,\"1\":1.25,\"2\":1.25,\"3\":1.25,\"5\":0.75,\"6\":1.25,\"7\":1.25,\"8\":1.25,\"10\":0.75,\"11\":0.75,\"12\":0.75,\"13\":0.75,\"14\":0.375,\"15\":1.25,\"16\":1.25,\"17\":1.25,\"18\":1.5,\"19\":1.25,\"20\":1.25,\"21\":1.25,\"22\":1.5,\"23\":0.375,\"24\":0.375,\"25\":0.375,\"26\":0.375,\"27\":1.5,\"28\":1.5,\"29\":1.5,\"30\":1.5,\"31\":1.5,\"32\":1.5,\"33\":1.5,\"34\":1.5,\"35\":1.5,\"36\":1.5,\"37\":1.5,\"38\":0.375,\"39\":1.25,\"40\":1.25,\"41\":1.25,\"42\":1.5,\"43\":0.375,\"44\":0.375,\"45\":0.375,\"46\":0.375,\"47\":0.375,\"48\":0.375,\"49\":0.375,\"50\":1.25,\"51\":1.25,\"52\":1.25,\"53\":1.25,\"54\":1.25,\"55\":1.25,\"56\":1.25,\"57\":1.25,\"58\":1.5,\"59\":1.5,\"60\":1.5,\"61\":1.875,\"78\":2.75,\"79\":0.125,\"80\":0.125,\"81\":0.125,\"82\":0.125,\"83\":0.125,\"84\":0.125,\"85\":0.125,\"86\":0.125,\"87\":0.125,\"88\":0.125,\"89\":0.125,\"90\":0.125,\"91\":1.5,\"92\":1.5,\"93\":1.5,\"94\":1.5,\"95\":1.5,\"96\":1.5,\"97\":1.5,\"98\":1.5,\"99\":1.5,\"100\":1.5,\"101\":1.5,\"102\":1.5,\"103\":1.5,\"104\":1.5,\"105\":1.5,\"106\":1.5,\"107\":1.5,\"108\":0.375,\"109\":0.375,\"110\":0.375,\"111\":0.375,\"112\":0.75,\"113\":0.75,\"114\":0.75,\"115\":0.375,\"116\":1.25,\"117\":1.25,\"118\":1.25,\"119\":1.5,\"120\":0.375,\"121\":0.375,\"122\":0.375,\"123\":0.375,\"124\":0.375,\"125\":0.375,\"126\":1.625,\"127\":0.03125,\"128\":0.03125,\"129\":0.03125,\"130\":0.03125,\"131\":0.03125,\"132\":0.03125,\"133\":0.03125,\"134\":0.03125,\"135\":0.03125,\"136\":0.03125,\"137\":0.03125,\"138\":0.03125,\"139\":0.03125,\"140\":0.03125,\"141\":0.03125,\"142\":0.03125,\"143\":0.03125,\"144\":0.03125,\"145\":0.03125,\"146\":0.03125,\"147\":0.03125,\"148\":0.03125,\"149\":0.03125,\"150\":0.03125,\"151\":0.03125,\"152\":0.03125,\"153\":0.03125,\"154\":0.03125,\"155\":0.03125,\"156\":0.03125,\"157\":0.03125,\"158\":0.03125,\"159\":0.03125,\"160\":0.03125,\"161\":0.03125,\"162\":0.03125,\"163\":0.03125,\"164\":0.03125,\"165\":0.03125,\"166\":0.03125,\"167\":0.03125,\"168\":0.03125,\"169\":0.03125,\"170\":0.03125,\"171\":0.03125,\"172\":0.03125,\"173\":0.03125,\"174\":0.03125,\"175\":0.03125,\"176\":0.03125,\"177\":0.03125,\"178\":0.03125,\"179\":0.03125,\"180\":0.03125,\"181\":0.03125,\"182\":0.03125,\"183\":0.03125,\"184\":0.03125,\"185\":0.03125,\"186\":0.03125,\"187\":0.03125,\"188\":0.03125,\"189\":0.03125,\"190\":0.03125,\"191\":0.03125,\"192\":0.03125,\"193\":0.03125,\"194\":0.03125,\"195\":0.03125,\"196\":0.03125,\"197\":0.03125,\"198\":0.03125,\"199\":0.03125,\"200\":0.03125,\"201\":0.03125,\"202\":0.03125,\"203\":0.03125,\"204\":0.03125,\"205\":0.03125,\"206\":0.03125,\"207\":0.03125,\"208\":0.03125,\"209\":0.03125,\"210\":0.03125,\"211\":0.03125,\"212\":0.03125,\"213\":0.03125,\"214\":0.03125,\"215\":0.03125,\"216\":0.03125,\"217\":0.03125,\"218\":0.03125,\"219\":0.03125,\"220\":0.03125,\"221\":0.03125,\"222\":0.03125,\"223\":0.03125,\"224\":0.03125,\"225\":0.03125,\"226\":0.03125,\"227\":0.03125,\"228\":0.03125,\"229\":0.03125,\"230\":0.03125,\"231\":0.03125,\"232\":0.03125,\"233\":0.03125,\"234\":0.03125,\"235\":0.03125,\"236\":0.03125,\"237\":0.03125,\"238\":0.03125,\"239\":0.03125,\"240\":0.03125,\"241\":0.03125,\"242\":0.03125,\"243\":0.03125,\"244\":0.03125,\"245\":0.03125,\"246\":0.03125,\"247\":0.03125,\"248\":0.03125,\"249\":0.03125,\"250\":0.03125,\"251\":0.03125,\"252\":0.03125,\"253\":0.03125,\"254\":0.03125,\"255\":0.03125,\"256\":0.03125,\"257\":0.03125,\"258\":0.03125,\"259\":0.03125,\"260\":0.03125,\"261\":0.03125,\"262\":0.03125,\"263\":0.03125,\"264\":0.03125,\"265\":0.03125,\"266\":0.03125,\"267\":0.03125,\"268\":0.03125,\"269\":0.03125,\"270\":0.03125},\""]}]}]]},"ace":{"folds":[],"scrolltop":0,"scrollleft":0,"selection":{"start":{"row":0,"column":0},"end":{"row":0,"column":0},"isBackwards":false},"options":{"guessTabSize":true,"useWrapMode":false,"wrapToView":true},"firstLineState":0},"timestamp":1426481055000,"hash":"133e96c1126aed692ae4e550ee301b5199fc633a"}